{
  "learning_rate": 0.07464775708468584,
  "depth": 8,
  "l2_leaf_reg": 1.02556495993018,
  "bagging_temperature": 0.7148779270981619,
  "border_count": 36
}