{
  "learning_rate": 0.19966090573793369,
  "depth": 4,
  "l2_leaf_reg": 6.415012568731497,
  "bagging_temperature": 0.014030044586252783,
  "border_count": 106
}