{
  "learning_rate": 0.16078595178955035,
  "depth": 8,
  "l2_leaf_reg": 7.6724724949168825,
  "bagging_temperature": 0.7034252438188903,
  "border_count": 157
}