{
  "learning_rate": 0.07156500022967244,
  "num_leaves": 162,
  "max_depth": 3,
  "feature_fraction": 0.6729977767429125,
  "bagging_fraction": 0.7777710106224288,
  "lambda_l1": 1.155495597355759,
  "lambda_l2": 1.8163542562252504
}