{
  "learning_rate": 0.08255375959414506,
  "max_depth": 10,
  "subsample": 0.9963172024847553,
  "colsample_bytree": 0.6961365150006454,
  "gamma": 1.100019767878091,
  "reg_alpha": 0.17638884800325516,
  "reg_lambda": 0.6177162731563417
}