{
  "learning_rate": 0.14521269589557517,
  "max_depth": 5,
  "subsample": 0.7316772665614395,
  "colsample_bytree": 0.6273881603356775,
  "gamma": 1.4782428981576738,
  "reg_alpha": 1.498758664502725,
  "reg_lambda": 0.12095113715725248
}